"","SKU PRODOTTO","ASIN LIVE AMAZON","ASIN FORNITO TENACTA","L'ASIN LIVE SU AMAZON è UGUALE ALL'ASIN FORNITO TENACTA?","NOME PRODOTTO LIVE AMAZON","LUNGHEZZA NOME PRODOTTO LIVE SU AMAZON","NOME PRODOTTO UFFICIALE FORNITO DA TENACTA","LUNGHEZZA NOME PRODOTTO FORNITO DA TENACTA","IL NOME PRODOTTO LIVE AMAZON è UGUALE AL NOME PRODOTTO UFFICIALE TENACTA?","LA LUNGHEZZA DEL NOME PRODOTTO LIVE AMAZON è UGUALE ALLA LUNGHEZZA DEL NOME UFFICIALE TENACTA?","QUESTO ASIN RICHIEDE UNA CORREZIONE"
"1",NA,"B0056BZZDA","B0056BZZDA","TRUE","imetec scaldasonno singolo 150x80 cm, basso consumo, 50% lana e merino, 2 temperature, dispositivo sicurezza electro block, made in italy",137,"6004E","TRUE","imetec scaldasonno singolo 150x80 cm, basso consumo, 50% lana e merino, 2 temperature, dispositivo sicurezza electro block, made in italy",137,"NEED FIX"
"2",NA,"B0056C02MI","B0056C02MI","TRUE","imetec scaldasonno matrimoniale 150x160 cm, 50% lana e merino, 2 temperature, dispositivo sicurezza electro block, made in italy",128,"6015E","TRUE","imetec scaldasonno matrimoniale 150x160 cm, 50% lana e merino, 2 temperature, dispositivo sicurezza electro block, made in italy",128,"NEED FIX"
"3",NA,"B009E7CBIY","B009E7CBIY","TRUE","bellissima imetec face cleansing spazzola per pulizia viso, deterge ed esfolia la pelle, kit con 5 testine intercambiabili, tecnologia a vibrazione sonica, impermeabile, beauty bag inclusa",188,"5057X","TRUE","bellissima imetec face cleansing spazzola per pulizia viso, deterge ed esfolia la pelle, kit con 5 testine intercambiabili, tecnologia a vibrazione sonica, impermeabile, beauty bag inclusa",188,"NEED FIX"
"4",NA,"B00A9269R2","B00A9269R2","TRUE","imetec scaldasonno singolo, 150 x 80 cm, comando 2 temperature, tessuto trapuntato, lavabile a mano e in lavatrice a 30°c",121,"6113E","NEED FIX","imetec scaldasonno singolo, 150 x 80 cm, comando 2 temperature, tessuto trapuntato, lavabile a mano e in lavatrice a 40°c",121,"NEED FIX"
"5",NA,"B00FM266R2","B00FM266R2","TRUE","imetec dolcevita es4 bilancia elettronica da cucina, pesa solidi e liquidi, contenitore estraibile, scala graduata, portata 5 kg, divisione 1 g, funzione tara, display digitale, spegnimento automatico",200,"7786","TRUE","imetec dolcevita es4 bilancia elettronica da cucina, pesa solidi e liquidi, contenitore estraibile, scala graduata, portata 5 kg, divisione 1 g, funzione tara, display digitale, spegnimento automatico",200,"NEED FIX"
"6",NA,"B00G3DNXIE","B00G3DNXIE","TRUE","bellissima imetec s5 2200 asciugacapelli, 2200 w, asciugatura rapida e styling a lunga durata, 8 combinazioni aria/temperatura, colpo daria fredda",146,"11072X","TRUE","bellissima imetec s5 2200 asciugacapelli, 2200 w, asciugatura rapida e styling a lunga durata, 8 combinazioni aria/temperatura, colpo daria fredda",146,"NEED FIX"
"7",NA,"B00GLSDCS2","B00GLSDCS2","TRUE","imetec nuvola ferro da stiro da viaggio a vapore, piastra in acciaio inossidabile da 1000 w, custodia da viaggio, doppio voltaggio",130,"9559Z","TRUE","imetec nuvola ferro da stiro da viaggio a vapore, piastra in acciaio inossidabile da 1000 w, custodia da viaggio, doppio voltaggio",130,"NEED FIX"
"8",NA,"B00HLUUNOK","B00HLUUNOK","TRUE","bellissima imetec creativity b15 50 piastra per capelli, styling liscio o mosso, rivestimento in nanoceramica, regolazione della temperatura da 140°c a 230°c, piastre oscillanti",177,"11811X","TRUE","bellissima imetec creativity b15 50 piastra per capelli, styling liscio o mosso, rivestimento in nanoceramica, regolazione della temperatura da 140°c a 230°c, piastre oscillanti",177,"NEED FIX"
"9",NA,"B00IRAFHB2","B00IRAFHB2","TRUE","bellissima imetec kit testine di ricambio face cleansing per pelli normali e pelli sensibili, 4 diverse testine per detergere, massaggiare, levigare e idratare la pelle",168,"5040","TRUE","bellissima imetec kit testine di ricambio face cleansing per pelli normali e pelli sensibili, 4 diverse testine per detergere, massaggiare, levigare e idratare la pelle",168,"NEED FIX"
"10",NA,"B00K6MR6JK","B00K6MR6JK","TRUE","imetec scaldasonno matrimoniale, 150 x 137 cm, 2 comandi con 2 temperature, tessuto trapuntato, lavabile a mano e in lavatrice a 30°c",133,"6221E","NEED FIX","imetec scaldasonno matrimoniale, 150 x 140 cm, 2 comandi con 2 temperature, tessuto trapuntato, lavabile a mano e in lavatrice a 40°c",133,"NEED FIX"
"11",NA,"B00M975Z7K","B00M975Z7K",NA,NA,NA,"16175",NA,"imetec scaldasonno sensitive singolo, si adatta ai cambi di temperatura, morbido peluche, coprimaterasso maxi 190 x 90, electro block, 6 temperature, timer, risparmio energetico, lavabile",187,"NEED FIX"
"12",NA,"B00N4K5PDK","B00N4K5PDK","TRUE","bellissima imetec gh16 400 spazzola ad aria modellante con 2 accessori di styling, diametro 25 mm, potenza 400 w, 2 combinazioni flusso daria/temperatura, puntale antiscottatura",177,"11234X","TRUE","bellissima imetec gh16 400 spazzola ad aria modellante con 2 accessori di styling, diametro 25 mm, potenza 400 w, 2 combinazioni flusso daria/temperatura, puntale antiscottatura",177,"NEED FIX"
"13",NA,"B00O4QVS66","B00O4QVS66","TRUE","bellissima imetec p2 2200 asciugacapelli professionale, potenza 2200 w, tecnologia a ioni per idratare i capelli e ridurre leffetto crespo, 8 combinazioni aria/temperatura, beccuccio stretto",190,"11312X","TRUE","bellissima imetec p2 2200 asciugacapelli professionale, potenza 2200 w, tecnologia a ioni per idratare i capelli e ridurre leffetto crespo, 8 combinazioni aria/temperatura, beccuccio stretto",190,"NEED FIX"
"14",NA,"B00RP0J7AW","B00RP0J7AW",NA,NA,NA,"11140X",NA,"bellissima imetec b9 100 piastra per capelli, piastra extralunghe, riscaldamento rapido, multivoltaggio automatico, temperatura 210°, cavo giravole",147,"NEED FIX"
"15",NA,"B00SKVYB6K","B00SKVYB6K","TRUE","bellissima imetec gt13 50 arricciacapelli, rivestimento in ceramica, 7 diversi livelli di temperatura da 150°c a 210°c, diametro di 25 mm, riscaldamento rapido, pronto alluso",174,"11236X","TRUE","bellissima imetec gt13 50 arricciacapelli, rivestimento in ceramica, 7 diversi livelli di temperatura da 150°c a 210°c, diametro di 25 mm, riscaldamento rapido, pronto alluso",174,"NEED FIX"
"16",NA,"B00VRGPXF8","B00VRGPXF8","TRUE","bellissima imetec gt15 100 arricciacapelli, ricci brillanti e definiti, diametro 19 mm, rivestimento in ceramica, riscaldamento rapido, pronto alluso",149,"11225X","TRUE","bellissima imetec gt15 100 arricciacapelli, ricci brillanti e definiti, diametro 19 mm, rivestimento in ceramica, riscaldamento rapido, pronto alluso",149,"NEED FIX"
"17",NA,"B00VYLJ4H4","B00VYLJ4H4","TRUE","bellissima imetec creativity b9 300 piastra per capelli, styling liscio o mosso, rivestimento in ceramica, regolazione temperatura da 150°c a 230°c, sistema riscaldamento rapido",177,"11144X","TRUE","bellissima imetec creativity b9 300 piastra per capelli, styling liscio o mosso, rivestimento in ceramica, regolazione temperatura da 150°c a 230°c, sistema riscaldamento rapido",177,"NEED FIX"
"18",NA,"B015O6A68K","B015O6A68K","TRUE","bellissima imetec creativity b9 400 piastra per capelli, styling liscio o mosso, rivestimento in ceramica e cheratina, piastre arrotondate",138,"11249X","TRUE","bellissima imetec creativity b9 400 piastra per capelli, styling liscio o mosso, rivestimento in ceramica e cheratina, piastre arrotondate",138,"NEED FIX"
"19",NA,"B015O6A6GM","B015O6A6GM","TRUE","bellissima imetec p11 2300 asciugacapelli professionale, 2300 w, rivestimento in ceramica e tormalina, 8 combinazioni aria/temperatura, beccuccio stretto, diffusore capelli ricci",178,"11463X","TRUE","bellissima imetec p11 2300 asciugacapelli professionale, 2300 w, rivestimento in ceramica e tormalina, 8 combinazioni aria/temperatura, beccuccio stretto, diffusore capelli ricci",178,"NEED FIX"
"20",NA,"B015O6AFPE","B015O6AFPE","TRUE","imetec c20 2100 asciugacapelli, 2100 w, beccuccio orientabile, diffusore professionale, funzione fast drying per unasciugatura rapida, 4 combinazioni aria/temperatura, colpo aria fredda, cavo 1.8 m",197,"11363X","TRUE","imetec c20 2100 asciugacapelli, 2100 w, beccuccio orientabile, diffusore professionale, funzione fast drying per unasciugatura rapida, 4 combinazioni aria/temperatura, colpo aria fredda, cavo 1.8 m",197,"NEED FIX"
"21",NA,"B01JOL22Y2","B01JOL22Y2","TRUE","imetec hb3 frullatore a immersione, gambo large estraibile, lame in acciaio inox, funzionamento a impulsi, 450 w",112,"7808","TRUE","imetec hb3 frullatore a immersione, gambo large estraibile, lame in acciaio inox, funzionamento a impulsi, 450 w",112,"NEED FIX"
"22",NA,"B01LXNKQOL","B01LXNKQOL","TRUE","imetec panemio macchina del pane, impasta lievita e cuoce, 12 programmi, cestello pagnotta, accessorio panini, 3 livelli di doratura, avvio programmabile, 550 w, ricettario",172,"7852","TRUE","imetec panemio macchina del pane, impasta lievita e cuoce, 12 programmi, cestello pagnotta, accessorio panini, 3 livelli di doratura, avvio programmabile, 550 w, ricettario",172,"NEED FIX"
"23",NA,"B01N55NF5G","B01N55NF5G","NEED FIX","imetec bellissima my pro creativity color shine b22 100 piastra per capelli colorati, rivestimento in tessuto per la protezione dei capelli, temperatura regolabile da 150°c a 230°c",180,"11420X","NEED FIX","bellissima imetec creativity color shine b22 100 piastra per capelli colorati, rivestimento in tessuto per la protezione dei capelli, temperatura regolabile da 150°c a 230°c",173,"NEED FIX"
"24",NA,"B06WGV3DBP","B06WGV3DBP","TRUE","bellissima my pro imetec beach waves gt20 100 piastra per capelli a onde larghe e strette, rivestimento in ceramica, temperatura regolabile",139,"11619Y","TRUE","bellissima my pro imetec beach waves gt20 100 piastra per capelli a onde larghe e strette, rivestimento in ceramica, temperatura regolabile",139,"NEED FIX"
"25",NA,"B06WP9PPT6","B06WP9PPT6","TRUE","bellissima imetec intellisense b24 100 piastra intelligente, capelli lisci o mossi, protetti senza calore eccessivo, temperatura automatica su misura per tutti i capelli, rivestimento in ceramica",195,"11493X","TRUE","bellissima imetec intellisense b24 100 piastra intelligente, capelli lisci o mossi, protetti senza calore eccessivo, temperatura automatica su misura per tutti i capelli, rivestimento in ceramica",195,"NEED FIX"
"26",NA,"B0711KBY99","B0711KBY99","TRUE","imetec personal e sport blender pb 100 mini frullatore con 2 bottiglie take-away in tritan e 4 lame in acciaio inox, 22,000 giri/min",132,"7866","TRUE","imetec personal e sport blender pb 100 mini frullatore con 2 bottiglie take-away in tritan e 4 lame in acciaio inox, 22,000 giri/min",132,"NEED FIX"
"27",NA,"B071451JHC","B071451JHC","TRUE","imetec sm 1000 soup maker, cuoce e frulla, 3 programmi automatici, vellutate, zuppe e frullati, 6 porzioni, lame seghettate acciaio inox, con ricettario, 900 w, 1.6 litri",170,"7395","TRUE","imetec sm 1000 soup maker, cuoce e frulla, 3 programmi automatici, vellutate, zuppe e frullati, 6 porzioni, lame seghettate acciaio inox, con ricettario, 900 w, 1.6 litri",170,"NEED FIX"
"28",NA,"B072MSQDQG","B072MSQDQG","TRUE","bellissima imetec b26 100 piastra per capelli lunghi o difficili da disciplinare, formato extra large, rivestimento in ceramica, 160° c - 230° c",144,"11494X","TRUE","bellissima imetec b26 100 piastra per capelli lunghi o difficili da disciplinare, formato extra large, rivestimento in ceramica, 160° c - 230° c",144,"NEED FIX"
"29",NA,"B0755CJFPL","B0755CJFPL","TRUE","imetec sp 100 spiralizer elettrico, tagliaverdure a spirale, affetta verdure in 3 forme spaghetti, tagliatelle, pappardelle, lame in acciaio inox, contenitore bpa free 500 ml, sistema di sicurezza",196,"7436","TRUE","imetec sp 100 spiralizer elettrico, tagliaverdure a spirale, affetta verdure in 3 forme spaghetti, tagliatelle, pappardelle, lame in acciaio inox, contenitore bpa free 500 ml, sistema di sicurezza",196,"NEED FIX"
"30",NA,"B075RFR2CV","B075RFR2CV","NEED FIX","bellissima gt15 200 ferro arricciacapelli, rivestimento in ceramica, per fare boccoli, ricci stretti e definiti, temperatura 150°c / 210°c, cono 18 / 25 mm, guanto termico, adatto a tutti i capelli",197,"11424X","NEED FIX","bellissima imetec gt15 200 ferro arricciacapelli con rivestimento in ceramica, forma conica, controllo della temperatura",120,"NEED FIX"
"31",NA,"B075RGG4Y5","B075RGG4Y5","TRUE","bellissima imetec creativity b27 100 piastra per capelli con rivestimento in ceramica e controllo della temperatura, temperatura regolabile 150°c / 230°c",153,"11504X","TRUE","bellissima imetec creativity b27 100 piastra per capelli con rivestimento in ceramica e controllo della temperatura, temperatura regolabile 150°c / 230°c",153,"NEED FIX"
"32",NA,"B076998CD8","B076998CD8","TRUE","imetec succovivo pro 2000 estrattore di succo professionale a freddo, spremitura lenta 48 giri/min, 2 filtri per succhi, accessorio per granite e sorbetti, kit per maschere bellezza, con ricettario",197,"7862","TRUE","imetec succovivo pro 2000 estrattore di succo professionale a freddo, spremitura lenta 48 giri/min, 2 filtri per succhi, accessorio per granite e sorbetti, kit per maschere bellezza, con ricettario",197,"NEED FIX"
"33",NA,"B078RL1X78","B078RL1X78","TRUE","imetec bw03 boule elettrica cordless, tecnologia ceramica, riscaldamento ultrarapido, termostato di sicurezza, spia di ricarica",127,"16480","TRUE","imetec bw03 boule elettrica cordless, tecnologia ceramica, riscaldamento ultrarapido, termostato di sicurezza, spia di ricarica",127,"NEED FIX"
"34",NA,"B079FN8N4T","B079FN8N4T","TRUE","bellissima imetec bm 200 piastra mini per capelli lisci e luminosi, temperatura 200°, multivoltaggio automatico, dimensioni compatte da viaggio",143,"11640","TRUE","bellissima imetec bm 200 piastra mini per capelli lisci e luminosi, temperatura 200°, multivoltaggio automatico, dimensioni compatte da viaggio",143,"NEED FIX"
"35",NA,"B079Z9GXQS","B079Z9GXQS","TRUE","imetec salon expert p5 3600 asciugacapelli professionale, 2300 w, griglia con rivestimento in ceramica e cheratina, tecnologia a ioni, 8 combinazioni aria/temperatura, 2 beccucci",178,"11347A","TRUE","imetec salon expert p5 3600 asciugacapelli professionale, 2300 w, griglia con rivestimento in ceramica e cheratina, tecnologia a ioni, 8 combinazioni aria/temperatura, 2 beccucci",178,"NEED FIX"
"36",NA,"B07CKRCMB7","B07CKRCMB7","TRUE","imetec zerocalc z3 3500 ferro da stiro, tecnologia anticalcare, piastra inox 2400 w, colpo vapore 150 g",103,"9246","TRUE","imetec zerocalc z3 3500 ferro da stiro, tecnologia anticalcare, piastra inox 2400 w, colpo vapore 150 g",103,"NEED FIX"
"37",NA,"B07CKY9SNZ","B07CKY9SNZ","TRUE","imetec zerocalc z1 2500 ferro da stiro, tecnologia anticalcare, piastra inox 2200 w, colpo vapore 120 g",103,"9006","TRUE","imetec zerocalc z1 2500 ferro da stiro, tecnologia anticalcare, piastra inox 2200 w, colpo vapore 120 g",103,"NEED FIX"
"38",NA,"B07FYHM3QY","B07FYHM3QY",NA,NA,NA,"11539",NA,"bellissima imetec magic straight brush pb11 100 spazzola elettrica lisciante, 3 lati esterni riscaldati, spegnimento automatico, tecnologia a ioni, ceramica, 160 c°- 210°c",171,"NEED FIX"
"39",NA,"B07FZ4PVRP","B07FZ4PVRP","TRUE","imetec bellissima my pro steam b28 100 piastra per capelli professionale a vapore, effetto liscio a lungo, ceramica, temperatura regolabile 170°c - 200°c - 230°c, riscaldamento rapido",183,"31001A","NEED FIX","bellissima my pro imetec steam b28 100 piastra per capelli professionale a vapore, effetto liscio a lungo, ceramica, temperatura regolabile 170°c - 200°c - 230°c, riscaldamento rapido",183,"NEED FIX"
"40",NA,"B07JVLQ38M","B07JVLQ38M",NA,NA,NA,"31002",NA,"bellissima my pro imetec ceramic p5 3800 asciugacapelli professionale per capelli morbidi e luminosi, tecnologia ceramica, 2300 w",129,"NEED FIX"
"41",NA,"B07MZGRDJ4","B07MZGRDJ4","TRUE","imetec zerocalc z3 3700 ferro da stiro, tecnologia anticalcare, piastra ceramica ad alta scorrevolezza, 2400w, colpo vapore 160 g, 0,3 litri, dispositivo antigoccia tecnologia a risparmio energetico",198,"9013","TRUE","imetec zerocalc z3 3700 ferro da stiro, tecnologia anticalcare, piastra ceramica ad alta scorrevolezza, 2400w, colpo vapore 160 g, 0,3 litri, dispositivo antigoccia tecnologia a risparmio energetico",198,"NEED FIX"
"42",NA,"B07NYRRF1Y","B07NYRRF1Y","TRUE","imetec zerocalc z3 3900 ferro da stiro a vapore, tecnologia anticalcare, tecnologia intellivapor (temperatura unica ideale per tutti i tessuti), piastra ceramica, 2400 w, colpo vapore 170 g",189,"9245","TRUE","imetec zerocalc z3 3900 ferro da stiro a vapore, tecnologia anticalcare, tecnologia intellivapor (temperatura unica ideale per tutti i tessuti), piastra ceramica, 2400 w, colpo vapore 170 g",189,"NEED FIX"
"43",NA,"B07P35DTPJ","B07P35DTPJ","TRUE","imetec zerocalc ps1 2000 ferro da stiro compatto, 3.8 bar, tecnologia anticalcare e a risparmio energetico, ricarica continua, vapore pronto in 1 minuto, 2100 w, serbatoio xl da 1 l",181,"9014","TRUE","imetec zerocalc ps1 2000 ferro da stiro compatto, 3.8 bar, tecnologia anticalcare e a risparmio energetico, ricarica continua, vapore pronto in 1 minuto, 2100 w, serbatoio xl da 1 l",181,"NEED FIX"
"44",NA,"B07PPC54RD","B07PPC54RD","TRUE","imetec zerocalc z1 2800 ferro da stiro con tecnologia anticalcare, piastra ceramica ad alta scorrevolezza, tecnologia a risparmio energetico, 2200 w, colpo vapore 130 g",168,"9012","TRUE","imetec zerocalc z1 2800 ferro da stiro con tecnologia anticalcare, piastra ceramica ad alta scorrevolezza, tecnologia a risparmio energetico, 2200 w, colpo vapore 130 g",168,"NEED FIX"
"45",NA,"B07S5L8VYG","B07S5L8VYG","TRUE","bellissima my pro imetec magic style brush p2 30 spazzola riscaldata, capelli liscio effetto naturale/mosso sostenuto, diametro 30 mm, tecnologia a ioni, rivestimento ceramica",175,"11737","TRUE","bellissima my pro imetec magic style brush p2 30 spazzola riscaldata, capelli liscio effetto naturale/mosso sostenuto, diametro 30 mm, tecnologia a ioni, rivestimento ceramica",175,"NEED FIX"
"46",NA,"B07S5L9937","B07S5L9937","TRUE","bellissima imetec my pro creativity infrared b8 200, piastra lisciante, tecnologia raggi infrarossi, rivestimento in ceramica e cheratina, 11 livelli di temperatura da 130 °c a 230 °c, cavo 1,8 m",195,"11725","TRUE","bellissima imetec my pro creativity infrared b8 200, piastra lisciante, tecnologia raggi infrarossi, rivestimento in ceramica e cheratina, 11 livelli di temperatura da 130 °c a 230 °c, cavo 1,8 m",195,"NEED FIX"
"47",NA,"B07S61V42S","B07S61V42S","TRUE","imetec zerocalc kf1 100 kit 3 filtri anticalcare per ferri da stiro imetec zerocalc pro ceramic ps2 2400, ps2 2000, ps2 2200, intellivapor ps3 3000, imetec onda, ricambi originali",179,"9009","TRUE","imetec zerocalc kf1 100 kit 3 filtri anticalcare per ferri da stiro imetec zerocalc pro ceramic ps2 2400, ps2 2000, ps2 2200, intellivapor ps3 3000, imetec onda, ricambi originali",179,"NEED FIX"
"48",NA,"B07VC16GW8","B07VC16GW8","TRUE","imetec compact es1 100 bilancia pesapersone elettronica compatta, design ultrasottile, ampio lcd display, portata max 150 kg",124,"5813","TRUE","imetec compact es1 100 bilancia pesapersone elettronica compatta, design ultrasottile, ampio lcd display, portata max 150 kg",124,"NEED FIX"
"49",NA,"B07VGH4Z81","B07VGH4Z81","TRUE","imetec body analizer es7 400 bilancia pesapersone diagnostica, misura acqua corporea, massa muscolare e grassa",110,"5811","TRUE","imetec body analizer es7 400 bilancia pesapersone diagnostica, misura acqua corporea, massa muscolare e grassa",110,"NEED FIX"
"50",NA,"B07W3VJQZD","B07W3VJQZD","TRUE","bellissima my pro imetec gh18 1100 modellatore ad aria, rivestimento spazzole in ceramica, 5 accessori per realizzare capelli lisci e luminosi, a onde morbide o ricci stretti, 1000 w",182,"11726","TRUE","bellissima my pro imetec gh18 1100 modellatore ad aria, rivestimento spazzole in ceramica, 5 accessori per realizzare capelli lisci e luminosi, a onde morbide o ricci stretti, 1000 w",182,"NEED FIX"
"51",NA,"B07W4JVN8S","B07W4JVN8S","TRUE","imetec monitoring es9 300 bilancia pesapersone elettronica, monitoraggio trend grafico peso, 4 utenti, fino a 180 kg, lcd display, vetro temperato",146,"5818","TRUE","imetec monitoring es9 300 bilancia pesapersone elettronica, monitoraggio trend grafico peso, 4 utenti, fino a 180 kg, lcd display, vetro temperato",146,"NEED FIX"
"52",NA,"B07WBZC85N","B07WBZC85N","TRUE","imetec precision es13 200 bilancia pesapersone elettronica, rivela anche le minime variazioni di peso, fino a 180 kg, lcd display, vetro temperato, batterie incluse",164,"5823","TRUE","imetec precision es13 200 bilancia pesapersone elettronica, rivela anche le minime variazioni di peso, fino a 180 kg, lcd display, vetro temperato, batterie incluse",164,"NEED FIX"
"53",NA,"B07Y8DPHCL","B07Y8DPHCL","TRUE","bellissima imetec p3 3400 asciugacapelli con motore ac professionale, tecnologia a ioni per capelli morbidi, idratati e luminosi, griglia rivestita in ceramica, 2400 w di potenza",178,"11728","TRUE","bellissima imetec p3 3400 asciugacapelli con motore ac professionale, tecnologia a ioni per capelli morbidi, idratati e luminosi, griglia rivestita in ceramica, 2400 w di potenza",178,"NEED FIX"
"54",NA,"B07Y8FDGDQ","B07Y8FDGDQ","TRUE","imetec scaldasonno adapto piazza e mezza 150 x 120 cm, basso consumo, tecnologia brevettata, riscaldamento rapido, temperatura personalizzata, 100 % cotone, made in italy, comando con 6 temperature",197,"16633A","TRUE","imetec scaldasonno adapto piazza e mezza 150 x 120 cm, basso consumo, tecnologia brevettata, riscaldamento rapido, temperatura personalizzata, 100 % cotone, made in italy, comando con 6 temperature",197,"NEED FIX"
"55",NA,"B07Y8FZ6GJ","B07Y8FZ6GJ","TRUE","imetec scaldasonno adapto singolo 150 x 80 cm, riscaldamento rapido, temperatura costante e personalizzata, tessuto trapuntato anallergico, made in italy, comando con 6 temperature",180,"16652A","TRUE","imetec scaldasonno adapto singolo 150 x 80 cm, riscaldamento rapido, temperatura costante e personalizzata, tessuto trapuntato anallergico, made in italy, comando con 6 temperature",180,"NEED FIX"
"56",NA,"B07Y8GCMLG","B07Y8GCMLG","TRUE","imetec scaldasonno adapto matrimoniale 150 x 160 cm, basso consumo, riscaldamento rapido, temperatura personalizzata, 100% lana e merino, made in italy, 2 comandi separati, 6 temperature",186,"16629A","TRUE","imetec scaldasonno adapto matrimoniale 150 x 160 cm, basso consumo, riscaldamento rapido, temperatura personalizzata, 100% lana e merino, made in italy, 2 comandi separati, 6 temperature",186,"NEED FIX"
"57",NA,"B07Y8GH4K8","B07Y8GH4K8","TRUE","imetec scaldasonno adapto matrimoniale 150 x 160 cm, basso consumo, tecnologia brevettata, riscaldamento rapido, temperatura personalizzata, 100% cotone, made in italy, 2 comandi con 6 temperature",196,"16631A","TRUE","imetec scaldasonno adapto matrimoniale 150 x 160 cm, basso consumo, tecnologia brevettata, riscaldamento rapido, temperatura personalizzata, 100% cotone, made in italy, 2 comandi con 6 temperature",196,"NEED FIX"
"58",NA,"B07Y8GQMP5","B07Y8GQMP5","TRUE","imetec scaldasonno adapto singolo 150 x 80 cm, basso consumo, riscaldamento rapido, temperatura personalizzata, 100% lana e merino, made in italy, tessuto antiscivolo, comando con 6 temperature",193,"16628B","TRUE","imetec scaldasonno adapto singolo 150 x 80 cm, basso consumo, riscaldamento rapido, temperatura personalizzata, 100% lana e merino, made in italy, tessuto antiscivolo, comando con 6 temperature",193,"NEED FIX"
"59",NA,"B07Y8GQVND","B07Y8GQVND","TRUE","imetec scaldasonno adapto matrimoniale, basso consumo, riscaldamento rapido, temperatura personalizzata, tessuto trapuntato anallergico, made in italy, 2 comandi con 6 temperature, 150 x 160 cm",193,"16653A","TRUE","imetec scaldasonno adapto matrimoniale, basso consumo, riscaldamento rapido, temperatura personalizzata, tessuto trapuntato anallergico, made in italy, 2 comandi con 6 temperature, 150 x 160 cm",193,"NEED FIX"
"60",NA,"B07Y8GR1WS","B07Y8GR1WS","TRUE","imetec scaldasonno adapto singolo 150 x 80 cm, basso consumo, tecnologia brevettata, riscaldamento rapido, temperatura personalizzata, 100% cotone, made in italy, comando con 6 temperature",188,"16630A","TRUE","imetec scaldasonno adapto singolo 150 x 80 cm, basso consumo, tecnologia brevettata, riscaldamento rapido, temperatura personalizzata, 100% cotone, made in italy, comando con 6 temperature",188,"NEED FIX"
"61",NA,"B082WSYYCX","B082WSYYCX","TRUE","bellissima imetec asciugacapelli k9 2300 asciuga e mantiene idratati i capelli senza effetto crespo, 2300 w, tecnologia a ioni, 8 combinazioni flusso daria temperatura, diffusore capellli ricci",193,"11523","TRUE","bellissima imetec asciugacapelli k9 2300 asciuga e mantiene idratati i capelli senza effetto crespo, 2300 w, tecnologia a ioni, 8 combinazioni flusso daria temperatura, diffusore capellli ricci",193,"NEED FIX"
"62",NA,"B082WSZXHB","B082WSZXHB","TRUE","bellissima imetec asciugacapelli s9 2200 asciuga e modella con precisione, 2200 w, 8 combinazioni flusso daria temperatura, beccuccio di precisione, colpo aria fredda",166,"11520","NEED FIX","bellissima imetec asciugacapelli s9 2200 asciuga e modella con precisione, 2200 w, 8 combinazioni flusso daria temperatura, beccussio di precisione, colpo aria fredda",166,"NEED FIX"
"63",NA,"B0848JZ6KP","B0848JZ6KP","TRUE","imetec zero-glu pro, macchina per pane, ciabatte e panini senza glutine per celiaci, pasta pizza, dolci, marmellate, 20 programmi, 2 pale impastatrici, temperatura levitazione controllata, ricettario",199,"7916T","TRUE","imetec zero-glu pro, macchina per pane, ciabatte e panini senza glutine per celiaci, pasta pizza, dolci, marmellate, 20 programmi, 2 pale impastatrici, temperatura levitazione controllata, ricettario",199,"NEED FIX"
"64",NA,"B08HR1VGSR","B08HR1VGSR","TRUE","imetec scaldasonno adapto maxi coprimaterasso singolo 195x90 cm, basso consumo, riscaldamento rapido, temperatura personalizzata, tessuto anallergico trapuntato, comando a 6 temperature",185,"16728B","TRUE","imetec scaldasonno adapto maxi coprimaterasso singolo 195x90 cm, basso consumo, riscaldamento rapido, temperatura personalizzata, tessuto anallergico trapuntato, comando a 6 temperature",185,"NEED FIX"
"65",NA,"B08HR23S41","B08HR23S41","TRUE","imetec scaldasonno adapto maxi coprimaterasso matrimoniale 195x165 cm, basso consumo, riscaldamento rapido, temperatura personalizzata, tessuto anallergico trapuntato, doppio comando, 6 temperature",197,"16729B","TRUE","imetec scaldasonno adapto maxi coprimaterasso matrimoniale 195x165 cm, basso consumo, riscaldamento rapido, temperatura personalizzata, tessuto anallergico trapuntato, doppio comando, 6 temperature",197,"NEED FIX"
"66",NA,"B08HS4ZSMH","B08HS4ZSMH","TRUE","imetec onda f2, ferro da stiro a vapore con piastra a onde scorrevole brevettata, 2400 w, colpo di vapore 200g, serbatoio 300 ml, tripla protezione anticalcare",159,"9440","TRUE","imetec onda f2, ferro da stiro a vapore con piastra a onde scorrevole brevettata, 2400 w, colpo di vapore 200g, serbatoio 300 ml, tripla protezione anticalcare",159,"NEED FIX"
"67",NA,"B08HS61FJ5","B08HS61FJ5","TRUE","imetec onda p2 ferro da stiro generatore di vapore, piastra a onde scorrevole brevettata, 2400w, colpo vapore 300 g, serbatoio 2,5l, 3 filtri con ioni di argento, tecnologia no stop vapor",187,"9432","TRUE","imetec onda p2 ferro da stiro generatore di vapore, piastra a onde scorrevole brevettata, 2400w, colpo vapore 300 g, serbatoio 2,5l, 3 filtri con ioni di argento, tecnologia no stop vapor",187,"NEED FIX"
"68",NA,"B08HS77R9B","B08HS77R9B","TRUE","imetec cukò maestro, robot da cucina con cottura, 20 programmi, 10 funzioni, impasta pane e pizza, capienza 2 l, fino a 6 porzioni, 8 accessori, ricettario, 1000 w",163,"7494","TRUE","imetec cukò maestro, robot da cucina con cottura, 20 programmi, 10 funzioni, impasta pane e pizza, capienza 2 l, fino a 6 porzioni, 8 accessori, ricettario, 1000 w",163,"NEED FIX"
"69",NA,"B08J8XCSH4","B08J8XCSH4","TRUE","bellissima my pro imetec gt22 120, accessorio sculpted curls per styler arricciacapelli twist & style, ferro riscaldato da 11 mm, rivestimento in ceramica, temperatura 185°c",173,"11769","TRUE","bellissima my pro imetec gt22 120, accessorio sculpted curls per styler arricciacapelli twist & style, ferro riscaldato da 11 mm, rivestimento in ceramica, temperatura 185°c",173,"NEED FIX"
"70",NA,"B08J8XCSHB","B08J8XCSHB","TRUE","bellissima my pro imetec gt22 130, accessorio loose waves per styler arricciacapelli twist&style, ferro riscaldato ad ellisse, diametro da 26 a 38 mm, rivestimento ceramica, temperatura 190°c",191,"11770","TRUE","bellissima my pro imetec gt22 130, accessorio loose waves per styler arricciacapelli twist&style, ferro riscaldato ad ellisse, diametro da 26 a 38 mm, rivestimento ceramica, temperatura 190°c",191,"NEED FIX"
"71",NA,"B08J8XH5BH","B08J8XH5BH","TRUE","bellissima my pro imetec twist & style gt22 100, manico per styler arricciacapelli per onde e ricci, temperatura automatica, riscaldamento rapido, orientabile a 90°, accessori non inclusi",187,"11749","TRUE","bellissima my pro imetec twist & style gt22 100, manico per styler arricciacapelli per onde e ricci, temperatura automatica, riscaldamento rapido, orientabile a 90°, accessori non inclusi",187,"NEED FIX"
"72",NA,"B08J8XJHNM","B08J8XJHNM","TRUE","imetec adapto velvet tartan plaid riscaldabile, coperta elettrica 160x120 cm tessuto morbido, basso consumo, tecnologia adapto, dispositivo di sicurezza, rapido riscaldamento, 6 temperature, lavabile",199,"16715B","TRUE","imetec adapto velvet tartan plaid riscaldabile, coperta elettrica 160x120 cm tessuto morbido, basso consumo, tecnologia adapto, dispositivo di sicurezza, rapido riscaldamento, 6 temperature, lavabile",199,"NEED FIX"
"73",NA,"B08J8XMFQN","B08J8XMFQN",NA,NA,NA,"16751B",NA,"imetec scaldasonno adapto maxi coprimaterasso matrimoniale 195 x 165 cm, basso consumo, riscaldamento rapido, temperatura personalizzata, 100% lana e merino, doppio comando, 6 temperature",187,"NEED FIX"
"74",NA,"B08J8XN21F","B08J8XN21F","TRUE","bellissima my pro imetec gt22 140 accessorio glamour waves per styler arricciacapelli twist&style, ferro riscaldato forma conica, diametro 13/38 mm, rivestimento in ceramica, temperatura 190°c",192,"11772","TRUE","bellissima my pro imetec gt22 140 accessorio glamour waves per styler arricciacapelli twist&style, ferro riscaldato forma conica, diametro 13/38 mm, rivestimento in ceramica, temperatura 190°c",192,"NEED FIX"
"75",NA,"B08J8XNFNC","B08J8XNFNC","TRUE","bellissima my pro imetec gt22 110, accessorio soft curls per styler arricciacapelli twist & style, ferro riscaldato da 25 mm, rivestimento in ceramica, temperatura 185°c",169,"11768","TRUE","bellissima my pro imetec gt22 110, accessorio soft curls per styler arricciacapelli twist & style, ferro riscaldato da 25 mm, rivestimento in ceramica, temperatura 185°c",169,"NEED FIX"
"76",NA,"B08J8Z15M1","B08J8Z15M1","TRUE","imetec adapto velvet square plaid riscaldabile, coperta elettrica 150x95 cm tessuto morbido, basso consumo, tecnologia adapto, dispositivo di sicurezza, rapido riscaldamento, 6 temperature, lavabile",198,"16775B","TRUE","imetec adapto velvet square plaid riscaldabile, coperta elettrica 150x95 cm tessuto morbido, basso consumo, tecnologia adapto, dispositivo di sicurezza, rapido riscaldamento, 6 temperature, lavabile",198,"NEED FIX"
"77",NA,"B08J8ZH957","B08J8ZH957","TRUE","imetec adapto velvet tartan plaid riscaldabile con tasca mani e piedi, coperta elettrica 150x110 cm, basso consumo, tecnologia adapto, sicuro, rapido riscaldamento, 6 temperature, lavabile",188,"16777","TRUE","imetec adapto velvet tartan plaid riscaldabile con tasca mani e piedi, coperta elettrica 150x110 cm, basso consumo, tecnologia adapto, sicuro, rapido riscaldamento, 6 temperature, lavabile",188,"NEED FIX"
"78",NA,"B08J8ZLLDT","B08J8ZLLDT","NEED FIX","imetec adapto velvet jacquard plaid riscaldabile, coperta elettrica 140x180 cm tessuto morbido, basso consumo, tecnologia adapto, tecnologia di sicurezza, rapido riscaldamento, 6 temperature, lavabile",200,"16776","NEED FIX","imetec adapto velvet jacquard plaid riscaldabile, coperta elettrica 140x180 cm tessuto morbido, basso consumo, tecnologia adapto, dispositivo di sicurezza, rapido riscaldamento, 6 temperature, lavabile",201,"NEED FIX"
"79",NA,"B08JV7QK54","B08JV7QK54","TRUE","imetec la panetteria +zeroglu, macchina per pane, ciabatte, panini, dolci con farine naturali e senza glutine, 20 programmi, 2 pale impastatrici, temperatura di lievitazione controllata",185,"7489T","TRUE","imetec la panetteria +zeroglu, macchina per pane, ciabatte, panini, dolci con farine naturali e senza glutine, 20 programmi, 2 pale impastatrici, temperatura di lievitazione controllata",185,"NEED FIX"
"80",NA,"B08JV87TZW","B08JV87TZW","TRUE","imetec succovivo sj4 1300 estrattore di succo professionale a freddo, spremitura lenta 50 giri/min, filtro per succhi, accessorio per granite e sorbetti, pulizia in 2 minuti",173,"7491","TRUE","imetec succovivo sj4 1300 estrattore di succo professionale a freddo, spremitura lenta 50 giri/min, filtro per succhi, accessorio per granite e sorbetti, pulizia in 2 minuti",173,"NEED FIX"
"81",NA,"B08JV8FFYH","B08JV8FFYH","TRUE","imetec griglia&gusta bistecchiera, piastre antiaderenti removibili, rivestimento triplo strato al titanio stone-look, grill con 7 posizioni, 3 funzioni di cottura, thermo control, 2000 watt",189,"7481","TRUE","imetec griglia&gusta bistecchiera, piastre antiaderenti removibili, rivestimento triplo strato al titanio stone-look, grill con 7 posizioni, 3 funzioni di cottura, thermo control, 2000 watt",189,"NEED FIX"
"82",NA,"B08JV8L49M","B08JV8L49M","NEED FIX","imetec tostamaxi tostapane, 2 fessure extralarge e pinze apribili per toast extrafarciti, 10 livelli di doratura, timer con autospegnimento, cassetto raccoglibriciole, 600 watt",176,"7493","NEED FIX","imetec tostamaxi tostapane, 2 fessure extralarge e pinze apribili per toast extrafarciti, 10 livelli di doratura, timer con autospegnimento, cassetto raccoglibriciole, 600 w",173,"NEED FIX"
"83",NA,"B08JV9LX42","B08JV9LX42","TRUE","imetec la tostagriglia, tostiera, piastre xl rigate e antiaderenti, interruttore on/off, spia riscaldamento piastre, gancio chiusura, avvolgicavo, tostapane compatto, 900 w",172,"7487","TRUE","imetec la tostagriglia, tostiera, piastre xl rigate e antiaderenti, interruttore on/off, spia riscaldamento piastre, gancio chiusura, avvolgicavo, tostapane compatto, 900 w",172,"NEED FIX"
"84",NA,"B08JV9VVQT","B08JV9VVQT","TRUE","imetec la grattugia, grattugia elettrica, rullo in acciaio inox, tramoggia in alluminio, contenitore estraibile con coperchio salvafreschezza, sistema di sicurezza, 150 w",170,"7492","TRUE","imetec la grattugia, grattugia elettrica, rullo in acciaio inox, tramoggia in alluminio, contenitore estraibile con coperchio salvafreschezza, sistema di sicurezza, 150 w",170,"NEED FIX"
"85",NA,"B08JVC7VB4","B08JVC7VB4","TRUE","imetec crea&crema sbattitore elettrico, fruste extralunghe per impasti dolci e panna montata, ganci acciaio inox per impastare, 5 velocità, funzione turbo, design ergonomico, 500 w",180,"7485","TRUE","imetec crea&crema sbattitore elettrico, fruste extralunghe per impasti dolci e panna montata, ganci acciaio inox per impastare, 5 velocità, funzione turbo, design ergonomico, 500 w",180,"NEED FIX"
"86",NA,"B08JVCHZF3","B08JVCHZF3","TRUE","imetec frullatutto frullatore, lame tritaghiaccio in acciaio inox, bicchiere da 800 ml in vetro antigraffio, 2 velocità, funzionamento impulsi, 500 w, 2 velocità, lavabile lavastoviglie",185,"7499","TRUE","imetec frullatutto frullatore, lame tritaghiaccio in acciaio inox, bicchiere da 800 ml in vetro antigraffio, 2 velocità, funzionamento impulsi, 500 w, 2 velocità, lavabile lavastoviglie",185,"NEED FIX"
"87",NA,"B08LVXG2V1","B08LVXG2V1","TRUE","bellissima my pro imetec diffon ceramic, diffusore ad aria calda per capelli ricci, tecnologia ceramica, 700 w, 2 combinazioni aria/temperatura, asciugatura delicata senza effetto crespo",186,"11799","TRUE","bellissima my pro imetec diffon ceramic, diffusore ad aria calda per capelli ricci, tecnologia ceramica, 700 w, 2 combinazioni aria/temperatura, asciugatura delicata senza effetto crespo",186,"NEED FIX"
"88",NA,"B08NK1L69Z","B08NK1L69Z","TRUE","imetec tritamax, tritatutto, 4 lame in acciaio inox, capiente contenitore 600 ml, accessorio frusta per salse e panna montata, 2 velocità, 500 watt",147,"7474","TRUE","imetec tritamax, tritatutto, 4 lame in acciaio inox, capiente contenitore 600 ml, accessorio frusta per salse e panna montata, 2 velocità, 500 watt",147,"NEED FIX"
"89",NA,"B08NK25BLP","B08NK25BLP","TRUE","imetec frulla&crea frullatore a immersione, 3 accessori, tritatutto, frusta e bicchiere bpa free, piede large, 2 velocità, 1000 w, 15000 giri minuto",148,"7599","TRUE","imetec frulla&crea frullatore a immersione, 3 accessori, tritatutto, frusta e bicchiere bpa free, piede large, 2 velocità, 1000 w, 15000 giri minuto",148,"NEED FIX"
"90",NA,"B08NKXBJX1","B08NKXBJX1","TRUE","bellissima my pro imetec beach waves gt20 400 piastra per capelli per onde larghe e strette, rivestimento in ceramica, temperatura regolabile 160 c°- 200°c",155,"11738","TRUE","bellissima my pro imetec beach waves gt20 400 piastra per capelli per onde larghe e strette, rivestimento in ceramica, temperatura regolabile 160 c°- 200°c",155,"NEED FIX"
"91",NA,"B08NP5M6D4","B08NP5M6D4","TRUE","imetec frescoaroma macina caffè e spezie, pepe, zucchero, frutta secca elettrico con lame in acciaio inox, contenitore salva-freschezza, funzionamento a impulsi, 150 w",167,"7479","TRUE","imetec frescoaroma macina caffè e spezie, pepe, zucchero, frutta secca elettrico con lame in acciaio inox, contenitore salva-freschezza, funzionamento a impulsi, 150 w",167,"NEED FIX"
"92",NA,"B08NPF5HWD","B08NPF5HWD","TRUE","imetec frulla&trita frullatore a immersione, lame in acciaio inox, piede extra large, gambo estraibile, bicchiere graduato da 1 litro, 800 watt, 15.000 giri minuto",163,"7870","TRUE","imetec frulla&trita frullatore a immersione, lame in acciaio inox, piede extra large, gambo estraibile, bicchiere graduato da 1 litro, 800 watt, 15.000 giri minuto",163,"NEED FIX"
"93",NA,"B08NPG5D5Y","B08NPG5D5Y","TRUE","imetec buonfrullato, frullatore compatto, bicchiere in plastica bpa free, capacità 700 ml, coperchio dosa liquidi, 400 w",120,"7471","TRUE","imetec buonfrullato, frullatore compatto, bicchiere in plastica bpa free, capacità 700 ml, coperchio dosa liquidi, 400 w",120,"NEED FIX"
"94",NA,"B08NPMMFWQ","B08NPMMFWQ","TRUE","imetec tritapiù tritatutto, 4 lame in acciaio inox, capiente contenitore 600 ml, 18.000 giri/min, funzionamento a pressione, 1000 w, materiali bpa free",151,"7475","TRUE","imetec tritapiù tritatutto, 4 lame in acciaio inox, capiente contenitore 600 ml, 18.000 giri/min, funzionamento a pressione, 1000 w, materiali bpa free",151,"NEED FIX"
"95",NA,"B08NPR8QNN","B08NPR8QNN","TRUE","imetec tritacompact tritatutto, lame in acciaio inox, capienza contenitore 400 ml, funzionamento a pressione, compatto, 350 w",125,"7473","TRUE","imetec tritacompact tritatutto, lame in acciaio inox, capienza contenitore 400 ml, funzionamento a pressione, compatto, 350 w",125,"NEED FIX"
"96",NA,"B08NPR9BYM","B08NPR9BYM","TRUE","imetec frullarapido, frullatore a immersione, gambo xl in acciaio, lame in acciaio inox, funzionamento a impulsi, 450 w",119,"7478","TRUE","imetec frullarapido, frullatore a immersione, gambo xl in acciaio, lame in acciaio inox, funzionamento a impulsi, 450 w",119,"NEED FIX"
"97",NA,"B08R7NM2SF","B08R7NM2SF","NEED FIX","imetec tosta&griglia, tostiera, piastre xl rigate e antiaderenti, interruttore on/off, spia riscaldamento piastre, gancio chiusura, avvolgicavo, tostapane compatto, 800 w",170,"7486","NEED FIX","imetec tosta&griglia, tostiera elettrica, piastre xl per preparare 3 toast alla volta, compatta, riponibile in verticale, 800 w, spie di funzionamento",150,"NEED FIX"
"98",NA,"B08R7NSVL5","B08R7NSVL5","TRUE","imetec grantoast, tostapane per toast extra farciti, fessure xl, pinze a fondo chiuso apribili a 360° e regolabili in larghezza, 600 w, 10 livelli doratura, timer",162,"7477","TRUE","imetec grantoast, tostapane per toast extra farciti, fessure xl, pinze a fondo chiuso apribili a 360° e regolabili in larghezza, 600 w, 10 livelli doratura, timer",162,"NEED FIX"
"99",NA,"B08RYGFL21","B08RYGFL21",NA,NA,NA,"7472",NA,"imetec frulla&gusta, frullatore con 4 lame in acciaio inox, bicchiare in vetro, 2 velocità e funzionamento impulsi, 500 w, capienza 800 ml, lavabile lavastoviglie, piedini antiscivolo",183,"NEED FIX"
"100",NA,"B08V11MR92","B08V11MR92","TRUE","imetec eco perfect ferro da stiro a vapore, risultati ottimi con -35% di consumo di acqua e -25% di consumo energetico, piastra con rivestimento pro ceramic, tripla protezione anticalcare, 2400 w",195,"9017","TRUE","imetec eco perfect ferro da stiro a vapore, risultati ottimi con -35% di consumo di acqua e -25% di consumo energetico, piastra con rivestimento pro ceramic, tripla protezione anticalcare, 2400 w",195,"NEED FIX"
"101",NA,"B08X6QMR36","B08X6QMR36","TRUE","imetec onda f1, ferro da stiro a vapore con piastra a onde scorrevole brevettata, 2400 w, colpo di vapore 200g, serbatoio 300 ml, tripla protezione anticalcare",159,"9027","TRUE","imetec onda f1, ferro da stiro a vapore con piastra a onde scorrevole brevettata, 2400 w, colpo di vapore 200g, serbatoio 300 ml, tripla protezione anticalcare",159,"NEED FIX"
"102",NA,"B08X7BYVZQ","B08X7BYVZQ","TRUE","bellissima imetec my pro revolution bhs4 1100, spazzola ad aria calda, asciuga e modella, rotazione automatica a doppio verso, 2 spazzole da 40 e 50 mm, ionizzatore, 1000 w, rivestimento in ceramica",198,"11739","TRUE","bellissima imetec my pro revolution bhs4 1100, spazzola ad aria calda, asciuga e modella, rotazione automatica a doppio verso, 2 spazzole da 40 e 50 mm, ionizzatore, 1000 w, rivestimento in ceramica",198,"NEED FIX"
"103",NA,"B08XBZV29G","B08XBZV29G","TRUE","imetec grattugissima, grattuggia elettrica per formaggio, pane e frutta secca, contenitore estraibile, coperchio salvafreschezza, 150 w, rullo in acciacio, accessori lavabili in lavastoviglie",191,"7480","TRUE","imetec grattugissima, grattuggia elettrica per formaggio, pane e frutta secca, contenitore estraibile, coperchio salvafreschezza, 150 w, rullo in acciacio, accessori lavabili in lavastoviglie",191,"NEED FIX"
"104",NA,"B093C19CSD","B093C19CSD","TRUE","imetec salon expert p3 3600 asciugacapelli, motore professionale, 2200 w, ionizzatore, griglia ceramica e tormalina, 8 combinazioni aria temperatura, concentratore e diffusore professionali",189,"11817","TRUE","imetec salon expert p3 3600 asciugacapelli, motore professionale, 2200 w, ionizzatore, griglia ceramica e tormalina, 8 combinazioni aria temperatura, concentratore e diffusore professionali",189,"NEED FIX"
"105",NA,"B0987B62CP","B0987B62CP","TRUE","imetec silent power comfort, termoventilatore silenzioso e compatto, stufetta elettrica, 2100 w, 4 funzioni, termostato ambiente e di sicurezza, funzione antigelo, maniglia",172,"4028","TRUE","imetec silent power comfort, termoventilatore silenzioso e compatto, stufetta elettrica, 2100 w, 4 funzioni, termostato ambiente e di sicurezza, funzione antigelo, maniglia",172,"NEED FIX"
"106",NA,"B0987BBB14","B0987BBB14",NA,NA,NA,"4035",NA,"imetec eco ceramic diffusion, stufetta elettrica, termoventilatore, corpo oscillante, tecnologia ceramica, basso consumo energetico, 6 funzioni di temperatura, timer",165,"NEED FIX"
"107",NA,"B0987BTDT2","B0987BTDT2","TRUE","imetec silent power eco, termoventilatore silenzioso, stufetta elettrica, tecnologia eco -35% consumo energetico, 2100 w, funzione antigelo, temperatura regolabile, 4 funzioni, termostato ambiente",196,"4030","TRUE","imetec silent power eco, termoventilatore silenzioso, stufetta elettrica, tecnologia eco -35% consumo energetico, 2100 w, funzione antigelo, temperatura regolabile, 4 funzioni, termostato ambiente",196,"NEED FIX"
"108",NA,"B0987C1JFD","B0987C1JFD","TRUE","imetec eco ceramic, termoventilatore, stufetta elettrica, tecnologia ceramica, basso consumo energetico, silenzioso, 3 livelli di temperatura, termostato ambiente",162,"4033","TRUE","imetec eco ceramic, termoventilatore, stufetta elettrica, tecnologia ceramica, basso consumo energetico, silenzioso, 3 livelli di temperatura, termostato ambiente",162,"NEED FIX"
"109",NA,"B0987C6H2S","B0987C6H2S","TRUE","imetec silent power pure, termoventilatore silenzioso con ionizzatore e timer di autospegnimento, stufetta elettrica, 2100 w, funzione antigelo, temperatura regolabile, 4 funzioni",179,"4031","TRUE","imetec silent power pure, termoventilatore silenzioso con ionizzatore e timer di autospegnimento, stufetta elettrica, 2100 w, funzione antigelo, temperatura regolabile, 4 funzioni",179,"NEED FIX"
"110",NA,"B0987CNV93","B0987CNV93","TRUE","imetec eco rapid, stufa elettrica 2000 w, tecnologia a basso consumo energetico, termoconvettore 4 temperature, termostato ambiente, silenzioso",143,"4034","TRUE","imetec eco rapid, stufa elettrica 2000 w, tecnologia a basso consumo energetico, termoconvettore 4 temperature, termostato ambiente, silenzioso",143,"NEED FIX"
"111",NA,"B0987D6J4J","B0987D6J4J","TRUE","imetec compact air, termoventilatore piccolo e potente, stufetta elettrica, 2000 w, maniglia integrata, temperatura regolabile, funzione antigelo, dispositivo di protezione dai surriscaldamenti",193,"4032","TRUE","imetec compact air, termoventilatore piccolo e potente, stufetta elettrica, 2000 w, maniglia integrata, temperatura regolabile, funzione antigelo, dispositivo di protezione dai surriscaldamenti",193,"NEED FIX"
"112",NA,"B0987D9K2X","B0987D9K2X","TRUE","imetec silent power protection, termoventilatore silenzioso, 2100 w, stufetta elettrica, timer spegnimento programmabile, temperatura regolabile, 4 funzioni, termostato ambiente, funzione antigelo",196,"4029","TRUE","imetec silent power protection, termoventilatore silenzioso, 2100 w, stufetta elettrica, timer spegnimento programmabile, temperatura regolabile, 4 funzioni, termostato ambiente, funzione antigelo",196,"NEED FIX"
"113",NA,"B09BHV4DWG","B09BHV4DWG","TRUE","bellissima imetec air wonder, spazzola ad aria calda, tecnologia a ioni, spazzole rivestite in ceramica e cheratina, asciuga, dona volume, 8 accessori, 1000 w",158,"11847","TRUE","bellissima imetec air wonder, spazzola ad aria calda, tecnologia a ioni, spazzole rivestite in ceramica e cheratina, asciuga, dona volume, 8 accessori, 1000 w",158,"NEED FIX"
"114",NA,"B09BJ7LNR6","B09BJ7LNR6","TRUE","bellissima imetec steam elixir, piastra a vapore, capelli lisci in una sola passata senza danni, rivestimento in ceramica e olio argan, rapido riscaldamento, 4 temperature, tappetino termoresistente",198,"11808","TRUE","bellissima imetec steam elixir, piastra a vapore, capelli lisci in una sola passata senza danni, rivestimento in ceramica e olio argan, rapido riscaldamento, 4 temperature, tappetino termoresistente",198,"NEED FIX"
"115",NA,"B09CTY5P2L","B09CTY5P2L","TRUE","bellissima imetec creativity 4 you, asciugacapelli professionale, 4 accessori, diffusore, controllo intelligente della temperatura, ion technology, beauty bag, 2 velocità, 3 temperature, 1800 w",193,"11826","TRUE","bellissima imetec creativity 4 you, asciugacapelli professionale, 4 accessori, diffusore, controllo intelligente della temperatura, ion technology, beauty bag, 2 velocità, 3 temperature, 1800 w",193,"NEED FIX"
"116",NA,"B09CTZ6WKM","B09CTZ6WKM","TRUE","bellissima my pro imetec gt22 150 accessorio mermaid waves per styler arricciacapelli twist&style, ferro riscaldato forma bubbles, diametro 25 mm, rivestimento in ceramica, temperatura 190°c",190,"11837","TRUE","bellissima my pro imetec gt22 150 accessorio mermaid waves per styler arricciacapelli twist&style, ferro riscaldato forma bubbles, diametro 25 mm, rivestimento in ceramica, temperatura 190°c",190,"NEED FIX"
"117",NA,"B09CTZF711","B09CTZF711","TRUE","imetec intellisense comfort, termoforo multiuso, cuscino termico, per schiena e addome, tasca per mani, rapido riscaldamento, tessuto anallergico, 5 temperature, electro block di sicurezza, lavabile",198,"16783","TRUE","imetec intellisense comfort, termoforo multiuso, cuscino termico, per schiena e addome, tasca per mani, rapido riscaldamento, tessuto anallergico, 5 temperature, electro block di sicurezza, lavabile",198,"NEED FIX"
"118",NA,"B09CTZM9LJ","B09CTZM9LJ","TRUE","imetec intellisense xl, termoforo extra large schiena e gambe, cuscino termico, 38x50 cm, tessuto micro peluche, 5 temperature, electro block di sicurezza, riscaldamento rapido, lavabile in lavatrice",199,"16784","TRUE","imetec intellisense xl, termoforo extra large schiena e gambe, cuscino termico, 38x50 cm, tessuto micro peluche, 5 temperature, electro block di sicurezza, riscaldamento rapido, lavabile in lavatrice",199,"NEED FIX"
"119",NA,"B09CTZV4TM","B09CTZV4TM","TRUE","imetec intellisense cervical, termoforo per cervicale e spalle, cuscino termico, 47x52 cm, tessuto anallergico, 5 temperature, electro block di sicurezza, riscaldamento rapido, lavabile in lavatrice",198,"16787B","TRUE","imetec intellisense cervical, termoforo per cervicale e spalle, cuscino termico, 47x52 cm, tessuto anallergico, 5 temperature, electro block di sicurezza, riscaldamento rapido, lavabile in lavatrice",198,"NEED FIX"
"120",NA,"B09CTZZGFY","B09CTZZGFY","TRUE","bellissima my pro imetec gt22 160, accessorio hollywood waves per styler arricciacapelli twist&style, rivestimento in ceramica, temperatura 190°c, ovale, diametro 38 x 25 mm",173,"11838","TRUE","bellissima my pro imetec gt22 160, accessorio hollywood waves per styler arricciacapelli twist&style, rivestimento in ceramica, temperatura 190°c, ovale, diametro 38 x 25 mm",173,"NEED FIX"
"121",NA,"B09CYDKRZ6","B09CYDKRZ6","TRUE","imetec frullafacile, frullatore a immersione, gambo xl, lame in acciaio inox, funzionamento a impulsi, bicchiere graduato da 700 ml bpa free, 800 w, impugnatura ergonomica",171,"7500","TRUE","imetec frullafacile, frullatore a immersione, gambo xl, lame in acciaio inox, funzionamento a impulsi, bicchiere graduato da 700 ml bpa free, 800 w, impugnatura ergonomica",171,"NEED FIX"
"122",NA,"B09CYM6KR3","B09CYM6KR3","TRUE","imetec frullarapido+, frullatore a immersione, gambo xl in acciaio, lame in acciaio inox, funzionamento a impulsi, bicchiere graduato da 700 ml bpa free, 800 w",159,"7912","TRUE","imetec frullarapido+, frullatore a immersione, gambo xl in acciaio, lame in acciaio inox, funzionamento a impulsi, bicchiere graduato da 700 ml bpa free, 800 w",159,"NEED FIX"
"123",NA,"B09GTTY863","B09GTTY863","TRUE","imetec scaldasonno adapto maxi coprimaterasso matrimoniale 195x165 cm, basso consumo, riscaldamento rapido, temperatura personalizzata, 100% cotone percalle trapuntato, doppio comando, 6 temperature",198,"16719B","TRUE","imetec scaldasonno adapto maxi coprimaterasso matrimoniale 195x165 cm, basso consumo, riscaldamento rapido, temperatura personalizzata, 100% cotone percalle trapuntato, doppio comando, 6 temperature",198,"NEED FIX"
"124",NA,"B09K7ZS81N","B09K7ZS81N",NA,NA,NA,"7502",NA,"imetec friggileggero - friggitrice ad aria multifunzione, 12 programmi, riscaldamento rapido, 18 l, 1550 w, comandi digitali, cestello, griglia, leccarda, ricettario, 40x36x34,5 cm",180,"NEED FIX"
"125",NA,"B09KV6G5KT","B09KV6G5KT","TRUE","imetec intellisense essential, termoforo multiuso, cuscino termico, 40x35 cm, tessuto anallergico, 5 temperature, electro block di sicurezza, lavabile, 40x35 cm",160,"16785","TRUE","imetec intellisense essential, termoforo multiuso, cuscino termico, 40x35 cm, tessuto anallergico, 5 temperature, electro block di sicurezza, lavabile, 40x35 cm",160,"NEED FIX"
"126",NA,"B09N2JV9X3","B09N2JV9X3","TRUE","imetec pro, bilancia pesapersone meccanica, rileva il peso in modo chiaro e affidabile, pedana antiscivolo, portata max 150 kg, divisione 1 kg, funzionamento analogico",167,"5827","TRUE","imetec pro, bilancia pesapersone meccanica, rileva il peso in modo chiaro e affidabile, pedana antiscivolo, portata max 150 kg, divisione 1 kg, funzionamento analogico",167,"NEED FIX"
"127",NA,"B09SDHHKJZ","B09SDHHKJZ","TRUE","imetec intellifast, ferro da stiro a vapore, tecnologia intelli system, impostazione automatica della temperatura, piastra ceramic diamond, protezione anticalcare, 2400 w, colpo vapore 200 g",190,"9030","TRUE","imetec intellifast, ferro da stiro a vapore, tecnologia intelli system, impostazione automatica della temperatura, piastra ceramic diamond, protezione anticalcare, 2400 w, colpo vapore 200 g",190,"NEED FIX"
"128",NA,"B09SGB55N4","B09SGB55N4","NEED FIX","bellissima imetec diffon supreme, diffusore ad aria calda per capelli ricci, diffusore xl con 12 dita, tecnologia ceramica&argan oil, 2 velocità, 3 temperature, asciugatura delicata",181,"11824","NEED FIX","bellissima imetec diffon supreme, diffusore ad aria calda per capelli ricci, diffusore xl con 12 dita, tecnologia ceramica&argan oil, 2 velocità, 3 temperature, ionizzatore, asciugatura delicata",194,"NEED FIX"
"129",NA,"B09ZJ9QXZY","B09ZJ9QXZY","TRUE","bellissima imetec creativity ceramic & tourmaline, piastra per capelli, liscio o mosso, rivestimento in ceramica e tormalina, regolazione temperatura da 150-230°c, riscaldamento rapido",184,"11849","TRUE","bellissima imetec creativity ceramic & tourmaline, piastra per capelli, liscio o mosso, rivestimento in ceramica e tormalina, regolazione temperatura da 150-230°c, riscaldamento rapido",184,"NEED FIX"
"130",NA,"B0B1QV8TWC","B0B1QV8TWC","TRUE","imetec rapidvapor ferro da stiro generatore di vapore, piastra fluid ceramic a rapido riscaldamento, leggero, sistema di pulizia calc clean, colpo vapore 240 g, 2400 w, 5 bar pump",179,"9033","TRUE","imetec rapidvapor ferro da stiro generatore di vapore, piastra fluid ceramic a rapido riscaldamento, leggero, sistema di pulizia calc clean, colpo vapore 240 g, 2400 w, 5 bar pump",179,"NEED FIX"
"131",NA,"B0B8JFYZ34","B0B8JFYZ34","TRUE","imetec intellisensefeet scaldapiedi, tecnologia intellisense, tessuto morbido, 5 temperature, autospegnimento, dispositivo sicurezza electro block, rivestimento lavabile in lavatrice, 52x54 cm",192,"16788","TRUE","imetec intellisensefeet scaldapiedi, tecnologia intellisense, tessuto morbido, 5 temperature, autospegnimento, dispositivo sicurezza electro block, rivestimento lavabile in lavatrice, 52x54 cm",192,"NEED FIX"
"132",NA,"B0B9HC9HSR","B0B9HC9HSR","NEED FIX","bellissima imetec kit bellezza capelli con asciugacapelli professionale, tecnologia ceramica e cheratina e piastra lisciante a vapore, rivestimento in ceramica e cheratina, idea regalo",184,"11900","NEED FIX","bellissima imetec kit bellezza capelli con asciugacapelli professionale, tecnologia ceramica e cheratina e piastra lisciante a vapore, rivestimento in ceramica e cheratina",171,"NEED FIX"
"133",NA,"B0BCPB5TYQ","B0BCPB5TYQ","TRUE","imetec activation ferro da stiro a vapore, piastra scorrevole in ceramica e tormalina, colpo vapore 200 g, tecnologia anticalcare zerocalc, antigoccia, eco, 2400 w",163,"9029","TRUE","imetec activation ferro da stiro a vapore, piastra scorrevole in ceramica e tormalina, colpo vapore 200 g, tecnologia anticalcare zerocalc, antigoccia, eco, 2400 w",163,"NEED FIX"
"134",NA,"B0BDVBHWWD","B0BDVBHWWD","NEED FIX","imetec cakelover, impastatrice planetaria di 5 lt per dolci, creme, pizza, pane, pasta - 1500w, 6 velocità, con ciotola in acciaio inox, doppio gancio, fruste - design compatto, ricettario incluso",196,"7503","NEED FIX","imetec cakelover, impastatrice planetaria per dolci, creme e impasti salati, accessoriata, compatta, 1500w, fruste, pale e ganci, contenitore inox, 5 litri, 6 velocità, ricettario",179,"NEED FIX"
"135",NA,"B0BFBDBJK2","B0BFBDBJK2","NEED FIX","bellissima imetec diffon ceramic & argan oil, diffusore ad aria calda per capelli ricci, tecnologia ceramica e olio di argan, 2 livelli aria/temperatura, asciugatura delicata, 700 w, idea regalo",194,"11735","NEED FIX","bellissima imetec diffon ceramic & argan oil, diffusore ad aria calda per capelli ricci, tecnologia ceramica e olio di argan, 2 livelli aria/temperatura, asciugatura delicata, 700 w",181,"NEED FIX"
"136",NA,"B0BFGMJSV6","B0BFGMJSV6","NEED FIX","bellissima imetec twist&style arricciacapelli, manico + 4 accessori per ricci e onde, temperatura automatica, riscaldamento rapido, rivestimento in ceramica, orientabile a 90°, idea regalo",188,"11840","NEED FIX","bellissima twist&style arricciacapelli, manico + 4 accessori per ricci e onde, temperatura automatica, riscaldamento rapido, rivestimento in ceramica, orientabile a 90°, idea regalo",181,"NEED FIX"
"137",NA,"B0BLCXY3J8","B0BLCXY3J8","NEED FIX","imetec adapto elegance, plaid riscaldabile, coperta elettrica, 180 x 140 cm, tessuto morbido velvet double face, risparmio energetico, tecnologia adapto, rapido riscaldamento, 6 temperature, lavabile",199,"16936","NEED FIX","imetec adapto elegance, plaid riscaldabile, coperta elettrica, 180x140 cm, tessuto morbido velvet double face, risparmio energetico, tecnologia adapto, rapido riscaldamento, 6 temperature, lavabile",197,"NEED FIX"
"138",NA,"B0BLCZ42BG","B0BLCZ42BG","NEED FIX","imetec adapto grand luxe, plaid riscaldabile, coperta elettrica, 180 x 140 cm, tessuto morbido peluche sherpa, risparmio energetico, tecnologia adapto, rapido riscaldamento, 6 temperature, lavabile",197,"16937","NEED FIX","imetec adapto grand luxe, plaid riscaldabile, coperta elettrica, 180x140 cm, tessuto morbido peluche sherpa, risparmio energetico, tecnologia adapto, rapido riscaldamento, 6 temperature, lavabile",195,"NEED FIX"
"139",NA,"B0BNL2X57R","B0BNL2X57R","NEED FIX","bellissima imetec steam ceramic & argan oil, piastra lisciante a vapore, rivestimento in ceramica e olio di argan, 3 temperature, riscaldamento rapido, piastre oscillanti, autospegnimento, idea regalo",200,"11758","NEED FIX","bellissima imetec steam ceramic & argan oil, piastra lisciante a vapore, rivestimento in ceramica e olio di argan, 3 livelli di temperatura, riscaldamento rapido, piastre oscillanti, autospegnimento",198,"NEED FIX"
"140",NA,"B0BQC5XRMF","B0BQC5XRMF","NEED FIX","bellissima imetec ceramic & argan oil 6in1, spazzola ad aria calda, 6 accessori, ionizzatore, spazzole rivestite in ceramica e olio di argan, asciuga, volumizza, colpo aria fredda, 1000 w, idea regalo",200,"11789","NEED FIX","bellissima imetec ceramic & argan oil 6 in 1, spazzola ad aria calda, 8 accessori, tecnologia a ioni, spazzole rivestite in ceramica e olio di argan, asciuga e dona volume, colpo aria fredda, 1000 w",198,"NEED FIX"
"141",NA,NA,NA,NA,NA,NA,NA,NA,NA,NA,NA
